use eapli;
-- MySQL dump 10.13  Distrib 8.0.16, for osx10.14 (x86_64)
--
-- Host: lapr4-awsmysql.csakfgxsqrxx.eu-west-1.rds.amazonaws.com    Database: eapli
-- ------------------------------------------------------
-- Server version	8.0.15

/*!40101 SET @OLD_CHARACTER_SET_CLIENT=@@CHARACTER_SET_CLIENT */;
/*!40101 SET @OLD_CHARACTER_SET_RESULTS=@@CHARACTER_SET_RESULTS */;
/*!40101 SET @OLD_COLLATION_CONNECTION=@@COLLATION_CONNECTION */;
 SET NAMES utf8mb4 ;
/*!40103 SET @OLD_TIME_ZONE=@@TIME_ZONE */;
/*!40103 SET TIME_ZONE='+00:00' */;
/*!40014 SET @OLD_UNIQUE_CHECKS=@@UNIQUE_CHECKS, UNIQUE_CHECKS=0 */;
/*!40014 SET @OLD_FOREIGN_KEY_CHECKS=@@FOREIGN_KEY_CHECKS, FOREIGN_KEY_CHECKS=0 */;
/*!40101 SET @OLD_SQL_MODE=@@SQL_MODE, SQL_MODE='NO_AUTO_VALUE_ON_ZERO' */;
/*!40111 SET @OLD_SQL_NOTES=@@SQL_NOTES, SQL_NOTES=0 */;

--
-- Table structure for table `CASO`
--

DROP TABLE IF EXISTS `CASO`;
/*!40101 SET @saved_cs_client     = @@character_set_client */;
 SET character_set_client = utf8mb4 ;
CREATE TABLE `CASO` (
  `ID` bigint(20) NOT NULL,
  `COMENTARIO` varchar(255) DEFAULT NULL,
  `ESTADO` int(11) DEFAULT NULL,
  `VERSION` bigint(20) DEFAULT NULL,
  `VALIDACAO` varchar(255) DEFAULT NULL,
  PRIMARY KEY (`ID`),
  KEY `FK_CASO_VALIDACAO` (`VALIDACAO`),
  CONSTRAINT `FK_CASO_VALIDACAO` FOREIGN KEY (`VALIDACAO`) REFERENCES `VALIDACAO` (`ID`)
) ENGINE=InnoDB DEFAULT CHARSET=utf8mb4 COLLATE=utf8mb4_0900_ai_ci;
/*!40101 SET character_set_client = @saved_cs_client */;

--
-- Dumping data for table `CASO`
--

LOCK TABLES `CASO` WRITE;
/*!40000 ALTER TABLE `CASO` DISABLE KEYS */;
INSERT INTO `CASO` VALUES (129,NULL,0,2,NULL),
(134,NULL,0,2,NULL),
(139,NULL,0,2,NULL),
(144,NULL,0,2,NULL),
(149,NULL,0,2,NULL),
(154,NULL,0,2,NULL),
(159,NULL,2,2,NULL),
(164,NULL,2,2,NULL),
(169,NULL,2,2,NULL),
(174,NULL,2,2,NULL),
(179,NULL,3,4,'182'),
(185,NULL,3,2,'183'),
(190,NULL,3,2,'184'),
(195,NULL,3,2,'185');
/*!40000 ALTER TABLE `CASO` ENABLE KEYS */;
UNLOCK TABLES;

--
-- Table structure for table `CASO_OBJETOSEGURO`
--

DROP TABLE IF EXISTS `CASO_OBJETOSEGURO`;
/*!40101 SET @saved_cs_client     = @@character_set_client */;
 SET character_set_client = utf8mb4 ;
CREATE TABLE `CASO_OBJETOSEGURO` (
  `Caso_ID` bigint(20) NOT NULL,
  `objetosSegurados_ID` varchar(255) NOT NULL,
  PRIMARY KEY (`Caso_ID`,`objetosSegurados_ID`),
  KEY `FK_CASO_OBJETOSEGURO_objetosSegurados_ID` (`objetosSegurados_ID`),
  CONSTRAINT `FK_CASO_OBJETOSEGURO_Caso_ID` FOREIGN KEY (`Caso_ID`) REFERENCES `CASO` (`ID`),
  CONSTRAINT `FK_CASO_OBJETOSEGURO_objetosSegurados_ID` FOREIGN KEY (`objetosSegurados_ID`) REFERENCES `OBJETOSEGURO` (`ID`)
) ENGINE=InnoDB DEFAULT CHARSET=utf8mb4 COLLATE=utf8mb4_0900_ai_ci;
/*!40101 SET character_set_client = @saved_cs_client */;

--
-- Dumping data for table `CASO_OBJETOSEGURO`
--

LOCK TABLES `CASO_OBJETOSEGURO` WRITE;
/*!40000 ALTER TABLE `CASO_OBJETOSEGURO` DISABLE KEYS */;
INSERT INTO `CASO_OBJETOSEGURO` VALUES (129,'130'),
(129,'131'),
(134,'135'),
(134,'136'),
(139,'140'),
(139,'141'),
(144,'145'),
(144,'146'),
(149,'150'),
(149,'151'),
(154,'155'),
(154,'156'),
(159,'160'),
(159,'161'),
(164,'165'),
(164,'166'),
(169,'170'),
(169,'171'),
(174,'175'),
(174,'176'),
(179,'180'),
(179,'181'),
(185,'186'),
(185,'187'),
(190,'191'),
(185,'192'),
(195,'196'),
(190,'197');
/*!40000 ALTER TABLE `CASO_OBJETOSEGURO` ENABLE KEYS */;
UNLOCK TABLES;

--
-- Table structure for table `CELULABASE`
--

DROP TABLE IF EXISTS `CELULABASE`;
/*!40101 SET @saved_cs_client     = @@character_set_client */;
 SET character_set_client = utf8mb4 ;
CREATE TABLE `CELULABASE` (
  `ID` bigint(20) NOT NULL,
  `COBERTURA_ID` bigint(20) DEFAULT NULL,
  `ENVOLVENTE_ID` bigint(20) DEFAULT NULL,
  `FATORRISCO_ID` bigint(20) DEFAULT NULL,
  PRIMARY KEY (`ID`),
  KEY `FK_CELULABASE_COBERTURA_ID` (`COBERTURA_ID`),
  KEY `FK_CELULABASE_FATORRISCO_ID` (`FATORRISCO_ID`),
  KEY `FK_CELULABASE_ENVOLVENTE_ID` (`ENVOLVENTE_ID`),
  CONSTRAINT `FK_CELULABASE_COBERTURA_ID` FOREIGN KEY (`COBERTURA_ID`) REFERENCES `COBERTURA` (`ID`),
  CONSTRAINT `FK_CELULABASE_ENVOLVENTE_ID` FOREIGN KEY (`ENVOLVENTE_ID`) REFERENCES `ENVOLVENTE` (`ID`),
  CONSTRAINT `FK_CELULABASE_FATORRISCO_ID` FOREIGN KEY (`FATORRISCO_ID`) REFERENCES `FATORRISCO` (`ID`),
  CONSTRAINT `FK_CELULABASE_ID` FOREIGN KEY (`ID`) REFERENCES `Celula` (`ID`)
) ENGINE=InnoDB DEFAULT CHARSET=utf8mb4 COLLATE=utf8mb4_0900_ai_ci;
/*!40101 SET character_set_client = @saved_cs_client */;

--
-- Dumping data for table `CELULABASE`
--

LOCK TABLES `CELULABASE` WRITE;
/*!40000 ALTER TABLE `CELULABASE` DISABLE KEYS */;
INSERT INTO `CELULABASE` VALUES (35,3,12,24),
(36,3,12,27),
(37,2,12,24),
(38,2,12,27),
(39,9,12,27),
(40,9,12,26),
(41,4,11,25),
(42,4,11,24),
(43,10,18,27),
(44,10,18,24),
(45,3,12,24),
(46,3,12,27),
(47,2,12,24),
(48,2,12,27),
(49,9,12,27),
(50,9,12,26),
(51,4,11,25),
(52,4,11,24),
(53,10,18,27),
(54,10,18,24),
(55,2,12,27),
(56,9,12,27),
(57,3,12,24),
(58,2,12,24),
(59,3,12,27),
(60,10,18,24),
(61,4,11,24),
(62,10,18,27),
(63,9,12,26),
(64,4,11,25),
(66,3,12,24),
(67,3,12,27),
(68,2,12,24),
(69,2,12,27),
(70,9,12,27),
(71,9,12,26),
(72,4,11,25),
(73,4,11,24),
(74,10,18,27),
(75,10,18,24),
(76,3,12,24),
(77,3,12,27),
(78,2,12,24),
(79,2,12,27),
(80,9,12,27),
(81,9,12,26),
(82,4,11,25),
(83,4,11,24),
(84,10,18,27),
(85,10,18,24),
(86,10,18,27),
(87,2,12,27),
(88,4,11,24),
(89,9,12,26),
(90,4,11,25),
(91,10,18,24),
(92,2,12,24),
(93,9,12,27),
(94,3,12,24),
(95,3,12,27),
(97,3,12,24),
(98,3,12,27),
(99,2,12,24),
(100,2,12,27),
(101,9,12,27),
(102,9,12,26),
(103,4,11,25),
(104,4,11,24),
(105,10,18,27),
(106,10,18,24),
(107,3,12,24),
(108,3,12,27),
(109,2,12,24),
(110,2,12,27),
(111,9,12,27),
(112,9,12,26),
(113,4,11,25),
(114,4,11,24),
(115,10,18,27),
(116,10,18,24),
(117,9,12,26),
(118,10,18,24),
(119,2,12,27),
(120,4,11,25),
(121,3,12,24),
(122,3,12,27),
(123,10,18,27),
(124,9,12,27),
(125,2,12,24),
(126,4,11,24);
/*!40000 ALTER TABLE `CELULABASE` ENABLE KEYS */;
UNLOCK TABLES;

--
-- Table structure for table `CELULACARACTERIZADA`
--

DROP TABLE IF EXISTS `CELULACARACTERIZADA`;
/*!40101 SET @saved_cs_client     = @@character_set_client */;
 SET character_set_client = utf8mb4 ;
CREATE TABLE `CELULACARACTERIZADA` (
  `ID` bigint(20) NOT NULL,
  `CONTRIBUICAO` int(11) DEFAULT NULL,
  `NECESSIDADE` int(11) DEFAULT NULL,
  `PESO` int(11) DEFAULT NULL,
  PRIMARY KEY (`ID`),
  CONSTRAINT `FK_CELULACARACTERIZADA_ID` FOREIGN KEY (`ID`) REFERENCES `Celula` (`ID`)
) ENGINE=InnoDB DEFAULT CHARSET=utf8mb4 COLLATE=utf8mb4_0900_ai_ci;
/*!40101 SET character_set_client = @saved_cs_client */;

--
-- Dumping data for table `CELULACARACTERIZADA`
--

LOCK TABLES `CELULACARACTERIZADA` WRITE;
/*!40000 ALTER TABLE `CELULACARACTERIZADA` DISABLE KEYS */;
INSERT INTO `CELULACARACTERIZADA` VALUES (45,-1,0,2),
(46,-1,0,1),
(47,1,0,4),
(48,1,0,5),
(49,-1,0,2),
(50,1,0,5),
(51,1,0,3),
(52,-1,0,3),
(53,1,0,3),
(54,1,0,3),
(55,1,1,5),
(56,-1,1,2),
(57,-1,1,2),
(58,1,1,4),
(59,-1,1,1),
(60,1,1,3),
(61,-1,1,3),
(62,1,1,3),
(63,1,1,5),
(64,1,1,3),
(76,-1,0,2),
(77,-1,0,1),
(78,1,0,4),
(79,1,0,5),
(80,-1,0,2),
(81,1,0,5),
(82,1,0,3),
(83,-1,0,3),
(84,1,0,3),
(85,1,0,3),
(86,1,1,3),
(87,1,1,5),
(88,-1,1,3),
(89,1,1,5),
(90,1,1,3),
(91,1,1,3),
(92,1,1,4),
(93,-1,1,2),
(94,-1,1,2),
(95,-1,1,1),
(107,-1,0,2),
(108,-1,0,1),
(109,1,0,4),
(110,1,0,5),
(111,-1,0,2),
(112,1,0,5),
(113,1,0,3),
(114,-1,0,3),
(115,1,0,3),
(116,1,0,3),
(117,1,1,5),
(118,1,1,3),
(119,1,1,5),
(120,1,1,3),
(121,-1,1,2),
(122,-1,1,1),
(123,1,1,3),
(124,-1,1,2),
(125,1,1,4),
(126,-1,1,3);
/*!40000 ALTER TABLE `CELULACARACTERIZADA` ENABLE KEYS */;
UNLOCK TABLES;

--
-- Table structure for table `CELULADETALHADA`
--

DROP TABLE IF EXISTS `CELULADETALHADA`;
/*!40101 SET @saved_cs_client     = @@character_set_client */;
 SET character_set_client = utf8mb4 ;
CREATE TABLE `CELULADETALHADA` (
  `ID` bigint(20) NOT NULL,
  `ESCALABAIXA` int(11) DEFAULT NULL,
  `ESCALAELEVADA` int(11) DEFAULT NULL,
  `ESCALAMEDIA` int(11) DEFAULT NULL,
  PRIMARY KEY (`ID`),
  CONSTRAINT `FK_CELULADETALHADA_ID` FOREIGN KEY (`ID`) REFERENCES `Celula` (`ID`)
) ENGINE=InnoDB DEFAULT CHARSET=utf8mb4 COLLATE=utf8mb4_0900_ai_ci;
/*!40101 SET character_set_client = @saved_cs_client */;

--
-- Dumping data for table `CELULADETALHADA`
--

LOCK TABLES `CELULADETALHADA` WRITE;
/*!40000 ALTER TABLE `CELULADETALHADA` DISABLE KEYS */;
INSERT INTO `CELULADETALHADA` VALUES (55,1,5,3),
(56,2,6,4),
(57,1,3,2),
(58,2,5,3),
(59,2,5,4),
(60,1,5,2),
(61,1,3,2),
(62,1,5,3),
(63,1,4,3),
(64,2,4,3),
(86,1,5,3),
(87,1,5,3),
(88,1,3,2),
(89,1,4,3),
(90,2,4,3),
(91,1,5,2),
(92,2,5,3),
(93,2,6,4),
(94,1,3,2),
(95,2,5,4),
(117,2,6,4),
(118,2,4,3),
(119,2,5,3),
(120,3,5,4),
(121,2,4,3),
(122,1,3,2),
(123,1,4,3),
(124,1,5,3),
(125,1,5,3),
(126,2,6,4);
/*!40000 ALTER TABLE `CELULADETALHADA` ENABLE KEYS */;
UNLOCK TABLES;

--
-- Table structure for table `COBERTURA`
--

DROP TABLE IF EXISTS `COBERTURA`;
/*!40101 SET @saved_cs_client     = @@character_set_client */;
 SET character_set_client = utf8mb4 ;
CREATE TABLE `COBERTURA` (
  `ID` bigint(20) NOT NULL,
  `DESCRICAO` varchar(255) NOT NULL,
  `TITULO` varchar(255) NOT NULL,
  `VERSION` bigint(20) DEFAULT NULL,
  PRIMARY KEY (`ID`),
  UNIQUE KEY `TITULO` (`TITULO`)
) ENGINE=InnoDB DEFAULT CHARSET=utf8mb4 COLLATE=utf8mb4_0900_ai_ci;
/*!40101 SET character_set_client = @saved_cs_client */;

--
-- Dumping data for table `COBERTURA`
--

LOCK TABLES `COBERTURA` WRITE;
/*!40000 ALTER TABLE `COBERTURA` DISABLE KEYS */;
INSERT INTO `COBERTURA` VALUES (1,'Seguro para incencios.','Incendio',1),
(2,'Seguro para inundacoes.','Inundacao',1),
(3,'Seguro para tempestades.','Tempestade',1),
(4,'Seguro para roubos.','Roubo',1),
(5,'Seguro para furtos.','Furto',1),
(6,'Seguro para choques eletricos.','Eletrico',1),
(7,'Seguro para vandalismo.','Vandalismo',1),
(8,'Seguro para queda de raios.','Queda de Raio',1),
(9,'Seguro para explosoes.','Explosao',1),
(10,'Seguro contra calamidade','Calamidade',1);
/*!40000 ALTER TABLE `COBERTURA` ENABLE KEYS */;
UNLOCK TABLES;

--
-- Table structure for table `Celula`
--

DROP TABLE IF EXISTS `Celula`;
/*!40101 SET @saved_cs_client     = @@character_set_client */;
 SET character_set_client = utf8mb4 ;
CREATE TABLE `Celula` (
  `ID` bigint(20) NOT NULL,
  `DTYPE` varchar(31) DEFAULT NULL,
  `VERSION` bigint(20) DEFAULT NULL,
  PRIMARY KEY (`ID`)
) ENGINE=InnoDB DEFAULT CHARSET=utf8mb4 COLLATE=utf8mb4_0900_ai_ci;
/*!40101 SET character_set_client = @saved_cs_client */;

--
-- Dumping data for table `Celula`
--

LOCK TABLES `Celula` WRITE;
/*!40000 ALTER TABLE `Celula` DISABLE KEYS */;
INSERT INTO `Celula` VALUES (35,'CelulaBase',1),
(36,'CelulaBase',1),
(37,'CelulaBase',1),
(38,'CelulaBase',1),
(39,'CelulaBase',1),
(40,'CelulaBase',1),
(41,'CelulaBase',1),
(42,'CelulaBase',1),
(43,'CelulaBase',1),
(44,'CelulaBase',1),
(45,'CelulaCaracterizada',1),
(46,'CelulaCaracterizada',1),
(47,'CelulaCaracterizada',1),
(48,'CelulaCaracterizada',1),
(49,'CelulaCaracterizada',1),
(50,'CelulaCaracterizada',1),
(51,'CelulaCaracterizada',1),
(52,'CelulaCaracterizada',1),
(53,'CelulaCaracterizada',1),
(54,'CelulaCaracterizada',1),
(55,'CelulaDetalhada',1),
(56,'CelulaDetalhada',1),
(57,'CelulaDetalhada',1),
(58,'CelulaDetalhada',1),
(59,'CelulaDetalhada',1),
(60,'CelulaDetalhada',1),
(61,'CelulaDetalhada',1),
(62,'CelulaDetalhada',1),
(63,'CelulaDetalhada',1),
(64,'CelulaDetalhada',1),
(66,'CelulaBase',1),
(67,'CelulaBase',1),
(68,'CelulaBase',1),
(69,'CelulaBase',1),
(70,'CelulaBase',1),
(71,'CelulaBase',1),
(72,'CelulaBase',1),
(73,'CelulaBase',1),
(74,'CelulaBase',1),
(75,'CelulaBase',1),
(76,'CelulaCaracterizada',1),
(77,'CelulaCaracterizada',1),
(78,'CelulaCaracterizada',1),
(79,'CelulaCaracterizada',1),
(80,'CelulaCaracterizada',1),
(81,'CelulaCaracterizada',1),
(82,'CelulaCaracterizada',1),
(83,'CelulaCaracterizada',1),
(84,'CelulaCaracterizada',1),
(85,'CelulaCaracterizada',1),
(86,'CelulaDetalhada',1),
(87,'CelulaDetalhada',1),
(88,'CelulaDetalhada',1),
(89,'CelulaDetalhada',1),
(90,'CelulaDetalhada',1),
(91,'CelulaDetalhada',1),
(92,'CelulaDetalhada',1),
(93,'CelulaDetalhada',1),
(94,'CelulaDetalhada',1),
(95,'CelulaDetalhada',1),
(97,'CelulaBase',1),
(98,'CelulaBase',1),
(99,'CelulaBase',1),
(100,'CelulaBase',1),
(101,'CelulaBase',1),
(102,'CelulaBase',1),
(103,'CelulaBase',1),
(104,'CelulaBase',1),
(105,'CelulaBase',1),
(106,'CelulaBase',1),
(107,'CelulaCaracterizada',1),
(108,'CelulaCaracterizada',1),
(109,'CelulaCaracterizada',1),
(110,'CelulaCaracterizada',1),
(111,'CelulaCaracterizada',1),
(112,'CelulaCaracterizada',1),
(113,'CelulaCaracterizada',1),
(114,'CelulaCaracterizada',1),
(115,'CelulaCaracterizada',1),
(116,'CelulaCaracterizada',1),
(117,'CelulaDetalhada',1),
(118,'CelulaDetalhada',1),
(119,'CelulaDetalhada',1),
(120,'CelulaDetalhada',1),
(121,'CelulaDetalhada',1),
(122,'CelulaDetalhada',1),
(123,'CelulaDetalhada',1),
(124,'CelulaDetalhada',1),
(125,'CelulaDetalhada',1),
(126,'CelulaDetalhada',1);
/*!40000 ALTER TABLE `Celula` ENABLE KEYS */;
UNLOCK TABLES;

--
-- Table structure for table `ENVOLVENTE`
--

DROP TABLE IF EXISTS `ENVOLVENTE`;
/*!40101 SET @saved_cs_client     = @@character_set_client */;
 SET character_set_client = utf8mb4 ;
CREATE TABLE `ENVOLVENTE` (
  `ID` bigint(20) NOT NULL,
  `DESCRICAO` varchar(255) NOT NULL,
  `ES` longblob,
  `LATITUDE` double NOT NULL,
  `LONGITUDE` double NOT NULL,
  `TITULO` varchar(255) NOT NULL,
  `VERSION` bigint(20) DEFAULT NULL,
  PRIMARY KEY (`ID`)
) ENGINE=InnoDB DEFAULT CHARSET=utf8mb4 COLLATE=utf8mb4_0900_ai_ci;
/*!40101 SET character_set_client = @saved_cs_client */;

--
-- Dumping data for table `ENVOLVENTE`
--

LOCK TABLES `ENVOLVENTE` WRITE;
/*!40000 ALTER TABLE `ENVOLVENTE` DISABLE KEYS */;
INSERT INTO `ENVOLVENTE` VALUES (11,'Envolvente em Policia.',0xACED00057372001A73657276696365732E456E766F6C76656E74655365727669636552099AE13C5E15540200014C000265727400214C7265706F7369746F72792F456E766F6C76656E74655265706F7369746F72793B78707372001F7265706F7369746F72792E456E766F6C76656E74655265706F7369746F7279467660C1465B23790200007870,41.12,-8.59,'Policia',1),
(12,'Envolvente em Bombeiros.',0xACED00057372001A73657276696365732E456E766F6C76656E74655365727669636552099AE13C5E15540200014C000265727400214C7265706F7369746F72792F456E766F6C76656E74655265706F7369746F72793B78707372001F7265706F7369746F72792E456E766F6C76656E74655265706F7369746F7279467660C1465B23790200007870,41.22,-7.38,'Bombeiros',1),
(13,'Envolvente em Zona Urbana.',0xACED00057372001A73657276696365732E456E766F6C76656E74655365727669636552099AE13C5E15540200014C000265727400214C7265706F7369746F72792F456E766F6C76656E74655265706F7369746F72793B78707372001F7265706F7369746F72792E456E766F6C76656E74655265706F7369746F7279467660C1465B23790200007870,40.99,-8,'Zona Urbana',1),
(14,'Envolvente em IE Saude.',0xACED00057372001A73657276696365732E456E766F6C76656E74655365727669636552099AE13C5E15540200014C000265727400214C7265706F7369746F72792F456E766F6C76656E74655265706F7369746F72793B78707372001F7265706F7369746F72792E456E766F6C76656E74655265706F7369746F7279467660C1465B23790200007870,41,-8.1,'IE Saude',1),
(15,'Envolvente em Floresta.',0xACED00057372001A73657276696365732E456E766F6C76656E74655365727669636552099AE13C5E15540200014C000265727400214C7265706F7369746F72792F456E766F6C76656E74655265706F7369746F72793B78707372001F7265706F7369746F72792E456E766F6C76656E74655265706F7369746F7279467660C1465B23790200007870,41.1,-7.9,'Floresta',1),
(16,'Envolvente em Vias Acesso.',0xACED00057372001A73657276696365732E456E766F6C76656E74655365727669636552099AE13C5E15540200014C000265727400214C7265706F7369746F72792F456E766F6C76656E74655265706F7369746F72793B78707372001F7265706F7369746F72792E456E766F6C76656E74655265706F7369746F7279467660C1465B23790200007870,40.9,-7.5,'Vias Acesso',1),
(17,'Envolvente em Policia 2.',0xACED00057372001A73657276696365732E456E766F6C76656E74655365727669636552099AE13C5E15540200014C000265727400214C7265706F7369746F72792F456E766F6C76656E74655265706F7369746F72793B78707372001F7265706F7369746F72792E456E766F6C76656E74655265706F7369746F7279467660C1465B23790200007870,40.63,-7.97,'Policia',1),
(18,'Envolvente em Hospital.',0xACED00057372001A73657276696365732E456E766F6C76656E74655365727669636552099AE13C5E15540200014C000265727400214C7265706F7369746F72792F456E766F6C76656E74655265706F7369746F72793B78707372001F7265706F7369746F72792E456E766F6C76656E74655265706F7369746F7279467660C1465B23790200007870,42,-7.5,'Hospital',1),
(19,'Envolvente em Curso de Agua.',0xACED00057372001A73657276696365732E456E766F6C76656E74655365727669636552099AE13C5E15540200014C000265727400214C7265706F7369746F72792F456E766F6C76656E74655265706F7369746F72793B78707372001F7265706F7369746F72792E456E766F6C76656E74655265706F7369746F7279467660C1465B23790200007870,43,-8,'Curso de Agua',1),
(20,'Envolvente em IE Saude.',0xACED00057372001A73657276696365732E456E766F6C76656E74655365727669636552099AE13C5E15540200014C000265727400214C7265706F7369746F72792F456E766F6C76656E74655265706F7369746F72793B78707372001F7265706F7369746F72792E456E766F6C76656E74655265706F7369746F7279467660C1465B23790200007870,41.5,-7.9,'IE Saude',1),
(21,'Envolvente em Policia.',0xACED00057372001A73657276696365732E456E766F6C76656E74655365727669636552099AE13C5E15540200014C000265727400214C7265706F7369746F72792F456E766F6C76656E74655265706F7369746F72793B78707372001F7265706F7369746F72792E456E766F6C76656E74655265706F7369746F7279467660C1465B23790200007870,41.57,-8.22,'Policia',1),
(22,'Envolvente em Bombeiros.',0xACED00057372001A73657276696365732E456E766F6C76656E74655365727669636552099AE13C5E15540200014C000265727400214C7265706F7369746F72792F456E766F6C76656E74655265706F7369746F72793B78707372001F7265706F7369746F72792E456E766F6C76656E74655265706F7369746F7279467660C1465B23790200007870,40.88,-7.59,'Bombeiros',1),
(23,'Envolvente em Bombeiros.',0xACED00057372001A73657276696365732E456E766F6C76656E74655365727669636552099AE13C5E15540200014C000265727400214C7265706F7369746F72792F456E766F6C76656E74655265706F7369746F72793B78707372001F7265706F7369746F72792E456E766F6C76656E74655265706F7369746F7279467660C1465B23790200007870,41.150098,-8.614949,'Bombeiros',1);
/*!40000 ALTER TABLE `ENVOLVENTE` ENABLE KEYS */;
UNLOCK TABLES;

--
-- Table structure for table `EVENT`
--

DROP TABLE IF EXISTS `EVENT`;
/*!40101 SET @saved_cs_client     = @@character_set_client */;
 SET character_set_client = utf8mb4 ;
CREATE TABLE `EVENT` (
  `ID` bigint(20) NOT NULL,
  `MACTION` varchar(255) NOT NULL,
  `MMESSAGE` varchar(255) NOT NULL,
  `MNOTES` varchar(255) DEFAULT NULL,
  `MWHEN` varchar(255) NOT NULL,
  `MWHERE` varchar(255) NOT NULL,
  `MWHO` varchar(255) NOT NULL,
  PRIMARY KEY (`ID`)
) ENGINE=InnoDB DEFAULT CHARSET=utf8mb4 COLLATE=utf8mb4_0900_ai_ci;
/*!40101 SET character_set_client = @saved_cs_client */;

--
-- Dumping data for table `EVENT`
--

LOCK TABLES `EVENT` WRITE;
/*!40000 ALTER TABLE `EVENT` DISABLE KEYS */;
/*!40000 ALTER TABLE `EVENT` ENABLE KEYS */;
UNLOCK TABLES;

--
-- Table structure for table `FATORRISCO`
--

DROP TABLE IF EXISTS `FATORRISCO`;
/*!40101 SET @saved_cs_client     = @@character_set_client */;
 SET character_set_client = utf8mb4 ;
CREATE TABLE `FATORRISCO` (
  `ID` bigint(20) NOT NULL,
  `ALTCONTADOR` int(11) DEFAULT NULL,
  `DESCRICAO` varchar(255) NOT NULL,
  `EXPRESSAO` varchar(255) DEFAULT NULL,
  `FS` longblob,
  `TITULO` varchar(255) NOT NULL,
  `VERSION` bigint(20) DEFAULT NULL,
  PRIMARY KEY (`ID`),
  UNIQUE KEY `TITULO` (`TITULO`)
) ENGINE=InnoDB DEFAULT CHARSET=utf8mb4 COLLATE=utf8mb4_0900_ai_ci;
/*!40101 SET character_set_client = @saved_cs_client */;

--
-- Dumping data for table `FATORRISCO`
--

LOCK TABLES `FATORRISCO` WRITE;
/*!40000 ALTER TABLE `FATORRISCO` DISABLE KEYS */;
INSERT INTO `FATORRISCO` VALUES (24,NULL,'Distancia minima a...',NULL,0xACED00057372001A73657276696365732E4661746F72526973636F5365727669636513B8CCB3EE8922270200014C000266737400214C7265706F7369746F72792F4661746F72526973636F5265706F7369746F72793B78707372001F7265706F7369746F72792E4661746F72526973636F5265706F7369746F727984EF959B57673DF10200007870,'Distancia Minima',1),
(25,NULL,'Tempo de Chegada de/a...',NULL,0xACED00057372001A73657276696365732E4661746F72526973636F5365727669636513B8CCB3EE8922270200014C000266737400214C7265706F7369746F72792F4661746F72526973636F5265706F7369746F72793B78707372001F7265706F7369746F72792E4661746F72526973636F5265706F7369746F727984EF959B57673DF10200007870,'Tempo de Chegada',1),
(26,NULL,'Quantidade de...',NULL,0xACED00057372001A73657276696365732E4661746F72526973636F5365727669636513B8CCB3EE8922270200014C000266737400214C7265706F7369746F72792F4661746F72526973636F5265706F7369746F72793B78707372001F7265706F7369746F72792E4661746F72526973636F5265706F7369746F727984EF959B57673DF10200007870,'Quantidade',1),
(27,NULL,'Tempo minimo de...',NULL,0xACED00057372001A73657276696365732E4661746F72526973636F5365727669636513B8CCB3EE8922270200014C000266737400214C7265706F7369746F72792F4661746F72526973636F5265706F7369746F72793B78707372001F7265706F7369746F72792E4661746F72526973636F5265706F7369746F727984EF959B57673DF10200007870,'Tempo Minimo',1);
/*!40000 ALTER TABLE `FATORRISCO` ENABLE KEYS */;
UNLOCK TABLES;

--
-- Table structure for table `MATRIZ`
--

DROP TABLE IF EXISTS `MATRIZ`;
/*!40101 SET @saved_cs_client     = @@character_set_client */;
 SET character_set_client = utf8mb4 ;
CREATE TABLE `MATRIZ` (
  `ID` bigint(20) NOT NULL,
  `DATA` date DEFAULT NULL,
  `VERSAO` bigint(20) DEFAULT NULL,
  `ESTADO` varchar(255) DEFAULT NULL,
  PRIMARY KEY (`ID`)
) ENGINE=InnoDB DEFAULT CHARSET=utf8mb4 COLLATE=utf8mb4_0900_ai_ci;
/*!40101 SET character_set_client = @saved_cs_client */;

--
-- Dumping data for table `MATRIZ`
--

LOCK TABLES `MATRIZ` WRITE;
/*!40000 ALTER TABLE `MATRIZ` DISABLE KEYS */;
INSERT INTO `MATRIZ` VALUES (34,'2019-06-10',4,'publicada'),
(65,NULL,3,'detalhada'),
(96,NULL,3,'detalhada');
/*!40000 ALTER TABLE `MATRIZ` ENABLE KEYS */;
UNLOCK TABLES;

--
-- Table structure for table `MATRIZ_CELULABASE`
--

DROP TABLE IF EXISTS `MATRIZ_CELULABASE`;
/*!40101 SET @saved_cs_client     = @@character_set_client */;
 SET character_set_client = utf8mb4 ;
CREATE TABLE `MATRIZ_CELULABASE` (
  `Matriz_ID` bigint(20) NOT NULL,
  `celulas_ID` bigint(20) NOT NULL,
  PRIMARY KEY (`Matriz_ID`,`celulas_ID`),
  KEY `FK_MATRIZ_CELULABASE_celulas_ID` (`celulas_ID`),
  CONSTRAINT `FK_MATRIZ_CELULABASE_Matriz_ID` FOREIGN KEY (`Matriz_ID`) REFERENCES `MATRIZ` (`ID`),
  CONSTRAINT `FK_MATRIZ_CELULABASE_celulas_ID` FOREIGN KEY (`celulas_ID`) REFERENCES `Celula` (`ID`)
) ENGINE=InnoDB DEFAULT CHARSET=utf8mb4 COLLATE=utf8mb4_0900_ai_ci;
/*!40101 SET character_set_client = @saved_cs_client */;

--
-- Dumping data for table `MATRIZ_CELULABASE`
--

LOCK TABLES `MATRIZ_CELULABASE` WRITE;
/*!40000 ALTER TABLE `MATRIZ_CELULABASE` DISABLE KEYS */;
INSERT INTO `MATRIZ_CELULABASE` VALUES (34,55),
(34,56),
(34,57),
(34,58),
(34,59),
(34,60),
(34,61),
(34,62),
(34,63),
(34,64),
(65,86),
(65,87),
(65,88),
(65,89),
(65,90),
(65,91),
(65,92),
(65,93),
(65,94),
(65,95),
(96,117),
(96,118),
(96,119),
(96,120),
(96,121),
(96,122),
(96,123),
(96,124),
(96,125),
(96,126);
/*!40000 ALTER TABLE `MATRIZ_CELULABASE` ENABLE KEYS */;
UNLOCK TABLES;

--
-- Table structure for table `OBJETOSEGURO`
--

DROP TABLE IF EXISTS `OBJETOSEGURO`;
/*!40101 SET @saved_cs_client     = @@character_set_client */;
 SET character_set_client = utf8mb4 ;
CREATE TABLE `OBJETOSEGURO` (
  `ID` varchar(255) NOT NULL,
  `DESCRICAO` varchar(255) DEFAULT NULL,
  `FUNDAMENTACAO` varchar(255) DEFAULT NULL,
  `LATITUDE` double DEFAULT NULL,
  `LONGITUDE` double DEFAULT NULL,
  `VERSION` bigint(20) DEFAULT NULL,
  `DEMONSTRACAO` varchar(255) DEFAULT NULL,
  `INDICERISCO` int(11) DEFAULT NULL,
  PRIMARY KEY (`ID`)
) ENGINE=InnoDB DEFAULT CHARSET=utf8mb4 COLLATE=utf8mb4_0900_ai_ci;
/*!40101 SET character_set_client = @saved_cs_client */;

--
-- Dumping data for table `OBJETOSEGURO`
--

LOCK TABLES `OBJETOSEGURO` WRITE;
/*!40000 ALTER TABLE `OBJETOSEGURO` DISABLE KEYS */;
INSERT INTO `OBJETOSEGURO` VALUES ('127','Desc 1',NULL,41.175205,41.175205,2,NULL,NULL),
('128','Desc 2',NULL,38.740851,38.740851,2,NULL,NULL),
('130','Desc 1',NULL,41.175205,-8.609667,1,NULL,NULL),
('131','Desc 2',NULL,38.740851,-9.13398,1,NULL,NULL),
('132','Desc 1',NULL,41.175205,41.175205,2,NULL,NULL),
('133','Desc 2',NULL,38.740851,38.740851,2,NULL,NULL),
('135','Desc 1',NULL,41.175205,-8.609667,1,NULL,NULL),
('136','Desc 2',NULL,38.740851,-9.13398,1,NULL,NULL),
('137','Desc 1',NULL,41.175205,41.175205,2,NULL,NULL),
('138','Desc 2',NULL,38.740851,38.740851,2,NULL,NULL),
('140','Desc 1',NULL,41.175205,-8.609667,1,NULL,NULL),
('141','Desc 2',NULL,38.740851,-9.13398,1,NULL,NULL),
('142','Desc 1',NULL,41.175205,41.175205,2,NULL,NULL),
('143','Desc 2',NULL,38.740851,38.740851,2,NULL,NULL),
('145','Desc 1',NULL,41.175205,-8.609667,1,NULL,NULL),
('146','Desc 2',NULL,38.740851,-9.13398,1,NULL,NULL),
('147','Desc 1',NULL,41.175205,41.175205,2,NULL,NULL),
('148','Desc 2',NULL,38.740851,38.740851,2,NULL,NULL),
('150','Desc 1',NULL,41.175205,-8.609667,1,NULL,NULL),
('151','Desc 2',NULL,38.740851,-9.13398,1,NULL,NULL),
('152','Desc 1',NULL,41.175205,41.175205,2,NULL,NULL),
('153','Desc 2',NULL,38.740851,38.740851,2,NULL,NULL),
('155','Desc 1',NULL,41.175205,-8.609667,1,NULL,NULL),
('156','Desc 2',NULL,38.740851,-9.13398,1,NULL,NULL),
('157','Desc 1',NULL,38.740851,38.740851,2,NULL,NULL),
('158','Desc 2',NULL,38.740851,38.740851,2,NULL,NULL),
('160','Desc 1',NULL,38.740851,-9.13398,1,NULL,NULL),
('161','Desc 2',NULL,38.740851,-9.13398,1,NULL,NULL),
('162','Desc 1',NULL,38.740851,38.740851,2,NULL,NULL),
('163','Desc 2',NULL,38.740851,38.740851,2,NULL,NULL),
('165','Desc 1',NULL,38.740851,-9.13398,1,NULL,NULL),
('166','Desc 2',NULL,38.740851,-9.13398,1,NULL,NULL),
('167','Desc 1',NULL,38.740851,38.740851,2,NULL,NULL),
('168','Desc 2',NULL,38.740851,38.740851,2,NULL,NULL),
('170','Desc 1',NULL,38.740851,-9.13398,1,NULL,NULL),
('171','Desc 2',NULL,38.740851,-9.13398,1,NULL,NULL),
('172','Desc 3',NULL,41.175205,41.175205,2,NULL,NULL),
('173','Desc 4',NULL,41.175205,41.175205,2,NULL,NULL),
('175','Desc 3',NULL,41.175205,-8.609667,1,NULL,NULL),
('176','Desc 4',NULL,41.175205,-8.609667,1,NULL,NULL),
('177','Desc 1',NULL,41.175205,41.175205,2,NULL,NULL),
('178','Desc 2',NULL,38.740851,38.740851,2,NULL,NULL),
('180','Desc 1',NULL,41.175205,-8.609667,1,NULL,NULL),
('181','Desc 2',NULL,38.740851,-9.13398,1,NULL,NULL),
('183','Desc 1',NULL,41.175205,41.175205,2,NULL,NULL),
('184','Desc 2',NULL,38.740851,38.740851,2,NULL,NULL),
('186','Desc 1',NULL,41.175205,-8.609667,1,NULL,NULL),
('187','Desc 2',NULL,38.740851,-9.13398,1,NULL,NULL),
('188','Desc 1',NULL,41.175205,41.175205,2,NULL,NULL),
('189','Desc 2',NULL,38.740851,38.740851,2,NULL,NULL),
('191','Desc 1',NULL,41.175205,-8.609667,1,NULL,NULL),
('192','Desc 2',NULL,38.740851,-9.13398,1,NULL,NULL),
('193','Desc 1',NULL,41.175205,41.175205,2,NULL,NULL),
('194','Desc 2',NULL,38.740851,38.740851,2,NULL,NULL),
('196','Desc 1',NULL,41.175205,-8.609667,1,NULL,NULL),
('197','Desc 2',NULL,38.740851,-9.13398,1,NULL,NULL);
/*!40000 ALTER TABLE `OBJETOSEGURO` ENABLE KEYS */;
UNLOCK TABLES;

--
-- Table structure for table `OBJETOSEGURO_COBERTURA`
--

DROP TABLE IF EXISTS `OBJETOSEGURO_COBERTURA`;
/*!40101 SET @saved_cs_client     = @@character_set_client */;
 SET character_set_client = utf8mb4 ;
CREATE TABLE `OBJETOSEGURO_COBERTURA` (
  `ObjetoSeguro_ID` varchar(255) NOT NULL,
  `coberturas_ID` bigint(20) NOT NULL,
  PRIMARY KEY (`ObjetoSeguro_ID`,`coberturas_ID`),
  KEY `FK_OBJETOSEGURO_COBERTURA_coberturas_ID` (`coberturas_ID`),
  CONSTRAINT `FK_OBJETOSEGURO_COBERTURA_ObjetoSeguro_ID` FOREIGN KEY (`ObjetoSeguro_ID`) REFERENCES `OBJETOSEGURO` (`ID`),
  CONSTRAINT `FK_OBJETOSEGURO_COBERTURA_coberturas_ID` FOREIGN KEY (`coberturas_ID`) REFERENCES `COBERTURA` (`ID`)
) ENGINE=InnoDB DEFAULT CHARSET=utf8mb4 COLLATE=utf8mb4_0900_ai_ci;
/*!40101 SET character_set_client = @saved_cs_client */;

--
-- Dumping data for table `OBJETOSEGURO_COBERTURA`
--

LOCK TABLES `OBJETOSEGURO_COBERTURA` WRITE;
/*!40000 ALTER TABLE `OBJETOSEGURO_COBERTURA` DISABLE KEYS */;
INSERT INTO `OBJETOSEGURO_COBERTURA` VALUES ('127',1),
('130',1),
('132',1),
('135',1),
('137',1),
('140',1),
('142',1),
('145',1),
('147',1),
('150',1),
('152',1),
('155',1),
('157',1),
('160',1),
('162',1),
('165',1),
('167',1),
('170',1),
('172',1),
('175',1),
('177',1),
('180',1),
('183',1),
('186',1),
('188',1),
('191',1),
('193',1),
('196',1),
('127',2),
('130',2),
('132',2),
('135',2),
('137',2),
('140',2),
('142',2),
('145',2),
('147',2),
('150',2),
('152',2),
('155',2),
('157',2),
('160',2),
('162',2),
('165',2),
('167',2),
('170',2),
('172',2),
('175',2),
('177',2),
('180',2),
('183',2),
('186',2),
('188',2),
('191',2),
('193',2),
('196',2),
('128',3),
('131',3),
('133',3),
('136',3),
('138',3),
('141',3),
('143',3),
('146',3),
('148',3),
('151',3),
('153',3),
('156',3),
('158',3),
('161',3),
('163',3),
('166',3),
('168',3),
('171',3),
('173',3),
('176',3),
('178',3),
('181',3),
('184',3),
('187',3),
('189',3),
('192',3),
('194',3),
('197',3),
('128',5),
('131',5),
('133',5),
('136',5),
('138',5),
('141',5),
('143',5),
('146',5),
('148',5),
('151',5),
('153',5),
('156',5),
('158',5),
('161',5),
('163',5),
('166',5),
('168',5),
('171',5),
('173',5),
('176',5),
('178',5),
('181',5),
('184',5),
('187',5),
('189',5),
('192',5),
('194',5),
('197',5);
/*!40000 ALTER TABLE `OBJETOSEGURO_COBERTURA` ENABLE KEYS */;
UNLOCK TABLES;

--
-- Table structure for table `SEQUENCE`
--

DROP TABLE IF EXISTS `SEQUENCE`;
/*!40101 SET @saved_cs_client     = @@character_set_client */;
 SET character_set_client = utf8mb4 ;
CREATE TABLE `SEQUENCE` (
  `SEQ_NAME` varchar(50) NOT NULL,
  `SEQ_COUNT` decimal(38,0) DEFAULT NULL,
  PRIMARY KEY (`SEQ_NAME`)
) ENGINE=InnoDB DEFAULT CHARSET=utf8mb4 COLLATE=utf8mb4_0900_ai_ci;
/*!40101 SET character_set_client = @saved_cs_client */;

--
-- Dumping data for table `SEQUENCE`
--

LOCK TABLES `SEQUENCE` WRITE;
/*!40000 ALTER TABLE `SEQUENCE` DISABLE KEYS */;
INSERT INTO `SEQUENCE` VALUES ('SEQ_GEN',200);
/*!40000 ALTER TABLE `SEQUENCE` ENABLE KEYS */;
UNLOCK TABLES;

--
-- Table structure for table `USER`
--

DROP TABLE IF EXISTS `USER`;
/*!40101 SET @saved_cs_client     = @@character_set_client */;
 SET character_set_client = utf8mb4 ;
CREATE TABLE `USER` (
  `ID` bigint(20) NOT NULL,
  `EMAIL` varchar(255) NOT NULL,
  `HASHEDPASSWORD` longblob,
  `NAME` varchar(255) NOT NULL,
  `SALT` longblob,
  `VERSION` bigint(20) DEFAULT NULL,
  PRIMARY KEY (`ID`),
  UNIQUE KEY `EMAIL` (`EMAIL`)
) ENGINE=InnoDB DEFAULT CHARSET=utf8mb4 COLLATE=utf8mb4_0900_ai_ci;
/*!40101 SET character_set_client = @saved_cs_client */;

--
-- Dumping data for table `USER`
--

LOCK TABLES `USER` WRITE;
/*!40000 ALTER TABLE `USER` DISABLE KEYS */;
INSERT INTO `USER` VALUES (28,'rafa@mail.com',0xCA0D0903E78A572F7DFDE52A1217C0E5,'Rafa',0x516082D00A9469398702934598EDEB61,1),
(29,'vitorsilva@mail.com',0x8F97FB45A15C2C8549808C5A72F7FAB2,'Beneli',0x2AA4177A81074EEEF5F80E1605924CCC,1),
(30,'diogocapela@mail.com',0x7666B9B21846B4FA3E23A9431EF3FF66,'Capela',0xC7B28C47C4FDD9036081F46053FCFBC7,1),
(31,'teresa@mail.com',0x5A6A77B4764E72AAE07C22CF60F3E585,'Teresa',0xFEB674FC34810AF90A942E0B4926025D,1),
(32,'filipe@mail.com',0xD3E727CA0BD612B7354A1C90D8136868,'Filipe',0x2A58B2BE2BDE60A3B0A5A18D490E498C,1),
(33,'rui@mail.com',0xDB739A6E9A133A7ADD5A1EB4733CF2B3,'Rui',0x28853C03F81995B02BDFE85B4E89E30E,1);
/*!40000 ALTER TABLE `USER` ENABLE KEYS */;
UNLOCK TABLES;

--
-- Table structure for table `VALIDACAO`
--

DROP TABLE IF EXISTS `VALIDACAO`;
/*!40101 SET @saved_cs_client     = @@character_set_client */;
 SET character_set_client = utf8mb4 ;
CREATE TABLE `VALIDACAO` (
  `ID` varchar(255) NOT NULL,
  `DATAATRIBUICAO` date DEFAULT NULL,
  `DATACONCLUSAO` date DEFAULT NULL,
  `DATAPEDIDO` date DEFAULT NULL,
  `VERSION` bigint(20) DEFAULT NULL,
  `ANALISTARISCO_ID` bigint(20) DEFAULT NULL,
  PRIMARY KEY (`ID`),
  KEY `FK_VALIDACAO_ANALISTARISCO_ID` (`ANALISTARISCO_ID`),
  CONSTRAINT `FK_VALIDACAO_ANALISTARISCO_ID` FOREIGN KEY (`ANALISTARISCO_ID`) REFERENCES `USER` (`ID`)
) ENGINE=InnoDB DEFAULT CHARSET=utf8mb4 COLLATE=utf8mb4_0900_ai_ci;
/*!40101 SET character_set_client = @saved_cs_client */;

--
-- Dumping data for table `VALIDACAO`
--

LOCK TABLES `VALIDACAO` WRITE;
/*!40000 ALTER TABLE `VALIDACAO` DISABLE KEYS */;
INSERT INTO `VALIDACAO` VALUES ('182',NULL,'2019-06-06','2019-06-01',1,29),
('183',NULL,'2019-06-08','2019-06-07',1,29),
('184',NULL,'2019-06-11','2019-06-09',1,29),
('185',NULL,'2019-06-14','2019-06-13',1,29),
('186',NULL,'2019-06-17','2019-06-15',1,29),
('187',NULL,'2019-06-20','2019-06-15',1,29);
/*!40000 ALTER TABLE `VALIDACAO` ENABLE KEYS */;
UNLOCK TABLES;
/*!40103 SET TIME_ZONE=@OLD_TIME_ZONE */;

/*!40101 SET SQL_MODE=@OLD_SQL_MODE */;
/*!40014 SET FOREIGN_KEY_CHECKS=@OLD_FOREIGN_KEY_CHECKS */;
/*!40014 SET UNIQUE_CHECKS=@OLD_UNIQUE_CHECKS */;
/*!40101 SET CHARACTER_SET_CLIENT=@OLD_CHARACTER_SET_CLIENT */;
/*!40101 SET CHARACTER_SET_RESULTS=@OLD_CHARACTER_SET_RESULTS */;
/*!40101 SET COLLATION_CONNECTION=@OLD_COLLATION_CONNECTION */;
/*!40111 SET SQL_NOTES=@OLD_SQL_NOTES */;

-- Dump completed on 2019-06-15 13:51:58
